<?xml version="1.0" encoding="utf-8"?>
<feed xmlns="http://www.w3.org/2005/Atom">
  <title>石头的杂货铺</title>
  <icon>https://st1020.top/icon.png</icon>
  <subtitle>St1020&#39;s Blog</subtitle>
  <link href="/atom.xml" rel="self"/>
  
  <link href="https://st1020.top/"/>
  <updated>2020-04-09T15:45:56.045Z</updated>
  <id>https://st1020.top/</id>
  
  <author>
    <name>St1020</name>
    
  </author>
  
  <generator uri="https://hexo.io/">Hexo</generator>
  
  <entry>
    <title>Hexo-NexT 主题个性化定制</title>
    <link href="https://st1020.top/2020/04-09-Hexo-NexT-theme-Customization/"/>
    <id>https://st1020.top/2020/04-09-Hexo-NexT-theme-Customization/</id>
    <published>2020-04-09T02:32:14.000Z</published>
    <updated>2020-04-09T15:45:56.045Z</updated>
    
    <summary type="html">
    
      &lt;p&gt;本篇文章主要谈一谈我是如何个性化定制 Hexo 的NexT 主题的。&lt;/p&gt;
&lt;p&gt;Hexo 的主题有许多种，其中最知名的莫过于 NexT 主题了，我也选择了这款主题作为我的博客的默认主题。实际上，我本来是打算使用 Hugo 来搭建博客的，但苦于没有找到喜欢的主题，只好作罢。如果未来找到了足够好的主题，我应该会将博客迁移到 Hugo 上吧。本篇也是作为我折腾 Hexo 的一篇记录。&lt;/p&gt;
    
    </summary>
    
    
      <category term="Hexo" scheme="https://st1020.top/categories/Hexo/"/>
    
    
      <category term="Hexo" scheme="https://st1020.top/tags/Hexo/"/>
    
      <category term="NexT" scheme="https://st1020.top/tags/NexT/"/>
    
  </entry>
  
  <entry>
    <title>Arch Linux 安装记录</title>
    <link href="https://st1020.top/2020/04-08-Arch-Install/"/>
    <id>https://st1020.top/2020/04-08-Arch-Install/</id>
    <published>2020-04-08T03:22:14.000Z</published>
    <updated>2020-04-09T13:13:53.537Z</updated>
    
    <summary type="html">
    
      &lt;p&gt;前几天打开好久没用的电脑，发现之前图省事装的 Manjaro 挂了，也懒得去解决，于是决定安装一个 Arch Linux ，在这里记录一下安装过程。&lt;/p&gt;
&lt;p&gt;本人是非常喜欢 Arch Linux 的，因为其高度自定义化和KISS原则（Keep It Simple, Stupid），并且滚动更新，以用户为中心。当然，由于其以用户为中心但不是用户友好，所以对很多人来说安装 Arch 还是有一定难度的。读者也可以参考本篇教程从零开始安装一个属于自己的 Arch 。&lt;/p&gt;
    
    </summary>
    
    
      <category term="Linux" scheme="https://st1020.top/categories/Linux/"/>
    
    
      <category term="Linux" scheme="https://st1020.top/tags/Linux/"/>
    
      <category term="Arch" scheme="https://st1020.top/tags/Arch/"/>
    
  </entry>
  
  <entry>
    <title>Hello World</title>
    <link href="https://st1020.top/2020/04-06-Hello-World/"/>
    <id>https://st1020.top/2020/04-06-Hello-World/</id>
    <published>2020-04-06T04:09:51.000Z</published>
    <updated>2020-04-08T15:44:32.000Z</updated>
    
    <summary type="html">
    
      
      
        
        
          &lt;h1 id=&quot;Hello-World&quot;&gt;&lt;a href=&quot;#Hello-World&quot; class=&quot;headerlink&quot; title=&quot;Hello World!&quot;&gt;&lt;/a&gt;Hello
        
      
    
    </summary>
    
    
      <category term="Hexo" scheme="https://st1020.top/categories/Hexo/"/>
    
    
      <category term="Hexo" scheme="https://st1020.top/tags/Hexo/"/>
    
  </entry>
  
</feed>
